<?xml version="1.0" encoding="utf-8" ?>
<dwsync>
<file name="CNBC Guest Alert_Outline2010 (2).doc" server="213.171.193.5//toolkit.cnbceuropeshared.com/htdocs/" local="129582247741161219" remote="129582249000000000" />
<file name="CNBC Guest Alert_Requirments.doc" server="213.171.193.5//toolkit.cnbceuropeshared.com/htdocs/" local="129582247741317464" remote="129582249000000000" />
<file name="config.xml" server="213.171.193.5//toolkit.cnbceuropeshared.com/htdocs/" local="129582247741473709" remote="129582249000000000" />
<file name="ErrorController.php" server="213.171.193.5//toolkit.cnbceuropeshared.com/htdocs/" local="129582247741629954" remote="129582249000000000" />
<file name="gannt3.jpg" server="213.171.193.5//toolkit.cnbceuropeshared.com/htdocs/" local="129582247742098689" remote="129582249000000000" />
<file name="gantt.jpg" server="213.171.193.5//toolkit.cnbceuropeshared.com/htdocs/" local="129582247742411179" remote="129582249000000000" />
<file name="IndexController.php" server="213.171.193.5//toolkit.cnbceuropeshared.com/htdocs/" local="129582247742567424" remote="129582249000000000" />
<file name="test.jpg" server="213.171.193.5//toolkit.cnbceuropeshared.com/htdocs/" local="129582247742723669" remote="129582249000000000" />
</dwsync>